{
    "version": 5,
    "beforeBuildTasks": [],
    "afterBuildTasks": [],
    "global": {
        "$float-abi-type": "softfp",
        "output-debug-info": "enable",
        "misc-control": "--specs=nosys.specs --specs=nano.specs"
    },
    "c/cpp-compiler": {
        "language-c": "c11",
        "language-cpp": "c++14",
        "optimization": "level-debug",
        "warnings": "all-warnings",
        "C_FLAGS": "-ffunction-sections -fdata-sections",
        "CXX_FLAGS": "-ffunction-sections -fdata-sections"
    },
    "asm-compiler": {
        "ASM_FLAGS": "-ffunction-sections -fdata-sections"
    },
    "linker": {
        "LD_FLAGS": "  -Wl,--gc-sections",
        "output-format": "elf",
        "LIB_FLAGS": "-lm"
    }
}