{
  "name": "PWM_3",
  "type": "ARM",
  "dependenceList": [],
  "srcDirs": [
    ".eide/deps",
    "Hardware",
    "System",
    "SRC",
    "Library"
  ],
  "outDir": "build",
  "deviceName": "STM32F103C8",
  "packDir": ".pack/Keil/STM32F1xx_DFP.2.2.0",
  "miscInfo": {
    "lastBuildTime": 1608695075742,
    "uid": "39dee3e4d4ff0541d20fb1ee128420a6"
  },
  "virtualFolder": {
    "name": "<virtual_root>",
    "files": [],
    "folders": []
  },
  "targets": {
    "Debug": {
      "excludeList": [
        "hal/STM32F10x_StdPeriph_Driver/src/stm32f10x_bkp.c",
        "hal/STM32F10x_StdPeriph_Driver/src/stm32f10x_can.c",
        "hal/STM32F10x_StdPeriph_Driver/src/stm32f10x_cec.c",
        "hal/STM32F10x_StdPeriph_Driver/src/stm32f10x_crc.c",
        "hal/STM32F10x_StdPeriph_Driver/src/stm32f10x_dac.c",
        "hal/STM32F10x_StdPeriph_Driver/src/stm32f10x_dbgmcu.c",
        "hal/STM32F10x_StdPeriph_Driver/src/stm32f10x_dma.c",
        "hal/STM32F10x_StdPeriph_Driver/src/stm32f10x_flash.c",
        "hal/STM32F10x_StdPeriph_Driver/src/stm32f10x_fsmc.c",
        "hal/STM32F10x_StdPeriph_Driver/src/stm32f10x_i2c.c",
        "hal/STM32F10x_StdPeriph_Driver/src/stm32f10x_iwdg.c",
        "hal/STM32F10x_StdPeriph_Driver/src/stm32f10x_pwr.c",
        "hal/STM32F10x_StdPeriph_Driver/src/stm32f10x_rtc.c",
        "hal/STM32F10x_StdPeriph_Driver/src/stm32f10x_sdio.c",
        "hal/STM32F10x_StdPeriph_Driver/src/stm32f10x_wwdg.c"
      ],
      "toolchain": "GCC",
      "compileConfig": {
        "cpuType": "Cortex-M3",
        "floatingPointHardware": "none",
        "useCustomScatterFile": true,
        "scatterFilePath": ".\\stm32f1x_64KB_flash.ld",
        "storageLayout": {
          "RAM": [
            {
              "tag": "IRAM",
              "id": 1,
              "mem": {
                "startAddr": "0x20000000",
                "size": "0x2800"
              },
              "isChecked": "1",
              "noInit": false
            }
          ],
          "ROM": [
            {
              "tag": "IROM",
              "id": 1,
              "mem": {
                "startAddr": "0x08000000",
                "size": "0x10000"
              },
              "isChecked": "1",
              "isStartup": true
            }
          ]
        },
        "options": "null"
      },
      "uploader": "STLink",
      "uploadConfig": {
        "bin": "",
        "proType": "SWD",
        "resetMode": "default",
        "runAfterProgram": true,
        "speed": 4000,
        "address": "0x08000000",
        "elFile": "None",
        "optionBytes": ".eide/debug.st.option.bytes.ini",
        "otherCmds": ""
      },
      "uploadConfigMap": {
        "JLink": {
          "bin": "",
          "baseAddr": "0x08000000",
          "cpuInfo": {
            "vendor": "ST",
            "cpuName": "STM32F103C8"
          },
          "proType": 1,
          "speed": 8000,
          "otherCmds": ""
        }
      },
      "custom_dep": {
        "name": "default",
        "incList": [
          ".eide/deps"
        ],
        "libList": [],
        "sourceDirList": [],
        "defineList": [
          "USE_STDPERIPH_DRIVER",
          "STM32F10X_MD"
        ]
      }
    }
  },
  "version": "3.3"
}